{
    "val_loss": [
        2.0773176509857176,
        1.9875858329772949
    ],
    "val_acc": [
        0.2559,
        0.3013
    ],
    "loss": [
        2.139666308191733,
        2.02887138658397
    ],
    "acc": [
        0.22238698300737417,
        0.2845262904777172
    ],
    "time_to_train_full_model": 71.16,
    "one_epoch_on_gpu": 26.91,
    "one_epoch_on_cpu": 26.29
}