{
    "val_loss": [
        0.6355188519614083,
        0.5510816251209804,
        0.5276769240243094,
        0.4668484208583832,
        0.41697563593728204,
        0.45875753770555766,
        0.41331366290364946,
        0.4177737398488181,
        0.3818279026235853,
        0.36793875094822476,
        0.38639197197982245,
        0.46118455028533933,
        0.4548377103124346,
        0.4862565298421042,
        0.5072160340377263,
        0.6287303707429341,
        0.6175763261658804,
        0.6470649276120322,
        0.7185486343588148,
        0.7293073692236628,
        0.7015994293774878,
        0.7868278721911567,
        0.8054996055364608,
        0.6951256232261658,
        0.8169667862142835,
        0.9854671584197453,
        0.9231446292357786,
        0.8746341628027814,
        0.9078056829316276,
        0.8938872614077159
    ],
    "val_acc": [
        0.649857142993382,
        0.7095714286395481,
        0.7431428572790963,
        0.780428571496691,
        0.8104285715648106,
        0.7808571429252624,
        0.8085714287076677,
        0.8155714285714286,
        0.8328571428571429,
        0.8445714286395481,
        0.8411428572790963,
        0.8191428572790963,
        0.8387142857142857,
        0.8230000000681196,
        0.8435714287076678,
        0.8378571428571429,
        0.8408571429252625,
        0.8421428572790963,
        0.8371428572109767,
        0.8370000000681196,
        0.835,
        0.8340000000681196,
        0.8385714287076678,
        0.834,
        0.8454285715648107,
        0.8325714287076678,
        0.8372857143538339,
        0.8362857142857143,
        0.8410000001362392,
        0.8322857143538339
    ],
    "loss": [
        0.669990446805954,
        0.5947349219322204,
        0.5479194411337376,
        0.49751817715168,
        0.43433499014377597,
        0.38766903686523435,
        0.3800127443522215,
        0.3148878129273653,
        0.29375592517852783,
        0.24373894006013871,
        0.2072348819822073,
        0.16245460553839802,
        0.16864853761717677,
        0.1804825383145362,
        0.10925375505164266,
        0.06901779020694085,
        0.060638939233031125,
        0.04273775139451027,
        0.03557003068877384,
        0.06951557860616595,
        0.08942023944004905,
        0.031071147972368634,
        0.037133094429889754,
        0.07623332399842911,
        0.046840238718607,
        0.01826377467629209,
        0.023388050968747846,
        0.04043313482182566,
        0.026785181649858714,
        0.02896112142418133
    ],
    "acc": [
        0.580625,
        0.680875,
        0.7234375,
        0.755625,
        0.798375,
        0.8210625,
        0.8286875,
        0.8614375,
        0.8700625,
        0.896375,
        0.9115625,
        0.934875,
        0.9308125,
        0.9234375,
        0.956875,
        0.97375,
        0.97825,
        0.9846875,
        0.9875625,
        0.974,
        0.96875,
        0.9896875,
        0.9869375,
        0.97225,
        0.983375,
        0.9943125,
        0.9913125,
        0.986625,
        0.9911875,
        0.9904375
    ],
    "time_to_train_gpu": 2717.64
}